week_start,warehouse_id,product_id,demand_units
2026-10-05,W01,P01,60
2026-10-05,W02,P01,40
2026-10-05,W01,P02,48
2026-10-05,W02,P02,32
2026-10-05,W01,P03,36
2026-10-05,W02,P03,24
2026-10-05,W01,P04,24
2026-10-05,W02,P04,16
2026-10-12,W01,P01,60
2026-10-12,W02,P01,40
2026-10-12,W01,P02,48
2026-10-12,W02,P02,32
2026-10-12,W01,P03,36
2026-10-12,W02,P03,24
2026-10-12,W01,P04,24
2026-10-12,W02,P04,16
2026-10-19,W01,P01,66
2026-10-19,W02,P01,44
2026-10-19,W01,P02,53
2026-10-19,W02,P02,35
2026-10-19,W01,P03,40
2026-10-19,W02,P03,26
2026-10-19,W01,P04,26
2026-10-19,W02,P04,18
2026-10-26,W01,P01,60
2026-10-26,W02,P01,40
2026-10-26,W01,P02,48
2026-10-26,W02,P02,32
2026-10-26,W01,P03,36
2026-10-26,W02,P03,24
2026-10-26,W01,P04,24
2026-10-26,W02,P04,16
2026-11-02,W01,P01,72
2026-11-02,W02,P01,48
2026-11-02,W01,P02,58
2026-11-02,W02,P02,38
2026-11-02,W01,P03,43
2026-11-02,W02,P03,29
2026-11-02,W01,P04,29
2026-11-02,W02,P04,19
2026-11-09,W01,P01,66
2026-11-09,W02,P01,44
2026-11-09,W01,P02,53
2026-11-09,W02,P02,35
2026-11-09,W01,P03,40
2026-11-09,W02,P03,26
2026-11-09,W01,P04,26
2026-11-09,W02,P04,18
2026-11-16,W01,P01,60
2026-11-16,W02,P01,40
2026-11-16,W01,P02,48
2026-11-16,W02,P02,32
2026-11-16,W01,P03,36
2026-11-16,W02,P03,24
2026-11-16,W01,P04,24
2026-11-16,W02,P04,16
2026-11-23,W01,P01,60
2026-11-23,W02,P01,40
2026-11-23,W01,P02,48
2026-11-23,W02,P02,32
2026-11-23,W01,P03,36
2026-11-23,W02,P03,24
2026-11-23,W01,P04,24
2026-11-23,W02,P04,16
